,img_url
0,https://d1c5n4ri2guedi.cloudfront.net/card/13/card_img/28201/13card.png
1,https://d1c5n4ri2guedi.cloudfront.net/card/51/card_img/37691/51card.png
2,https://d1c5n4ri2guedi.cloudfront.net/card/2669/card_img/32807/2669card.png
3,https://d1c5n4ri2guedi.cloudfront.net/card/49/card_img/27705/49card.png
4,https://d1c5n4ri2guedi.cloudfront.net/card/2441/card_img/37123/2441card_3.png
5,https://d1c5n4ri2guedi.cloudfront.net/card/2261/card_img/21011/2261card.png
6,https://d1c5n4ri2guedi.cloudfront.net/card/2553/card_img/36834/2553card.png
7,https://d1c5n4ri2guedi.cloudfront.net/card/2346/card_img/32523/2346card.png
8,https://d1c5n4ri2guedi.cloudfront.net/card/2759/card_img/37240/2759card.png
9,https://d1c5n4ri2guedi.cloudfront.net/card/2657/card_img/32434/2657card.png
10,https://d1c5n4ri2guedi.cloudfront.net/card/2646/card_img/37614/2646card_2.png
11,https://d1c5n4ri2guedi.cloudfront.net/card/39/card_img/31864/39card.png
12,https://d1c5n4ri2guedi.cloudfront.net/card/2376/card_img/27725/2376card.png
13,https://d1c5n4ri2guedi.cloudfront.net/card/2719/card_img/35783/2719card.jpg
14,https://d1c5n4ri2guedi.cloudfront.net/card/2330/card_img/24131/2330card.png
15,https://d1c5n4ri2guedi.cloudfront.net/card/2655/card_img/32217/2655card.png
16,https://d1c5n4ri2guedi.cloudfront.net/card/2692/card_img/33549/2692card.png
17,https://d1c5n4ri2guedi.cloudfront.net/card/2694/card_img/33709/2694card_1.png
18,https://d1c5n4ri2guedi.cloudfront.net/card/634/card_img/21400/634card.png
19,https://d1c5n4ri2guedi.cloudfront.net/card/666/card_img/21431/666card.png
20,https://d1c5n4ri2guedi.cloudfront.net/card/2676/card_img/32887/2676card_2.png
21,https://d1c5n4ri2guedi.cloudfront.net/card/2697/card_img/33888/2697card.png
22,https://d1c5n4ri2guedi.cloudfront.net/card/2662/card_img/32405/2662card.png
23,https://d1c5n4ri2guedi.cloudfront.net/card/37/card_img/36924/37card.png
24,https://d1c5n4ri2guedi.cloudfront.net/card/2237/card_img/20939/2237card.png
25,https://d1c5n4ri2guedi.cloudfront.net/card/115/card_img/20273/115card.png
26,https://d1c5n4ri2guedi.cloudfront.net/card/45/card_img/27703/45card.png
27,https://d1c5n4ri2guedi.cloudfront.net/card/2663/card_img/32407/2663card.png
28,https://d1c5n4ri2guedi.cloudfront.net/card/635/card_img/28872/635card.png
29,https://d1c5n4ri2guedi.cloudfront.net/card/2636/card_img/31863/2636card.png
30,https://d1c5n4ri2guedi.cloudfront.net/card/2666/card_img/32452/2666card.png
31,https://d1c5n4ri2guedi.cloudfront.net/card/2234/card_img/27720/2234card.png
32,https://d1c5n4ri2guedi.cloudfront.net/card/2647/card_img/37611/2646card_2.png
33,https://d1c5n4ri2guedi.cloudfront.net/card/2233/card_img/20932/2233card.png
34,https://d1c5n4ri2guedi.cloudfront.net/card/2427/card_img/27201/2427card.png
35,https://d1c5n4ri2guedi.cloudfront.net/card/2235/card_img/28314/2235card.png
36,https://d1c5n4ri2guedi.cloudfront.net/card/27/card_img/25865/27card.png
37,https://d1c5n4ri2guedi.cloudfront.net/card/772/card_img/22246/772card.png
38,https://d1c5n4ri2guedi.cloudfront.net/card/2702/card_img/34202/2702card.png
39,https://d1c5n4ri2guedi.cloudfront.net/card/2703/card_img/34566/2703_1card.png
40,https://d1c5n4ri2guedi.cloudfront.net/card/121/card_img/20353/121card.png
41,https://d1c5n4ri2guedi.cloudfront.net/card/2674/card_img/32666/2674card_2.png
42,https://d1c5n4ri2guedi.cloudfront.net/card/583/card_img/33530/583card.png
43,https://d1c5n4ri2guedi.cloudfront.net/card/2683/card_img/32811/2683card.png
44,https://d1c5n4ri2guedi.cloudfront.net/card/657/card_img/27715/657card.png
45,https://d1c5n4ri2guedi.cloudfront.net/card/227/card_img/37251/227card.png
46,https://d1c5n4ri2guedi.cloudfront.net/card/2711/card_img/35455/2711card_4.png
47,https://d1c5n4ri2guedi.cloudfront.net/card/723/card_img/22197/723card.png
48,https://d1c5n4ri2guedi.cloudfront.net/card/16/card_img/28929/16card.png
49,https://d1c5n4ri2guedi.cloudfront.net/card/2687/card_img/33239/2687card.png
50,https://d1c5n4ri2guedi.cloudfront.net/card/2569/card_img/30756/2569card.png
51,https://d1c5n4ri2guedi.cloudfront.net/card/2654/card_img/32266/2654card.png
52,https://d1c5n4ri2guedi.cloudfront.net/card/146/card_img/20372/146card.png
53,https://d1c5n4ri2guedi.cloudfront.net/card/2690/card_img/33494/2690card.png
54,https://d1c5n4ri2guedi.cloudfront.net/card/2632/card_img/31797/2362card.png
55,https://d1c5n4ri2guedi.cloudfront.net/card/258/card_img/33952/258card.png
56,https://d1c5n4ri2guedi.cloudfront.net/card/2458/card_img/31078/2458card_1.png
57,https://d1c5n4ri2guedi.cloudfront.net/card/179/card_img/37250/179card.png
58,https://d1c5n4ri2guedi.cloudfront.net/card/2344/card_img/24463/2344card.png
59,https://d1c5n4ri2guedi.cloudfront.net/card/2699/card_img/34252/2699card.png
60,https://d1c5n4ri2guedi.cloudfront.net/card/131/card_img/20360/131card.png
61,https://d1c5n4ri2guedi.cloudfront.net/card/466/card_img/37854/466card.png
62,https://d1c5n4ri2guedi.cloudfront.net/card/2305/card_img/23590/2305card.png
63,https://d1c5n4ri2guedi.cloudfront.net/card/2559/card_img/33437/2690card.png
64,https://d1c5n4ri2guedi.cloudfront.net/card/2386/card_img/33356/2386card_3.png
65,https://d1c5n4ri2guedi.cloudfront.net/card/2752/card_img/36946/2752card_2.png
66,https://d1c5n4ri2guedi.cloudfront.net/card/2728/card_img/36134/2728card.png
67,https://d1c5n4ri2guedi.cloudfront.net/card/2460/card_img/28298/2460card.png
68,https://d1c5n4ri2guedi.cloudfront.net/card/2262/card_img/20704/2262card.png
69,https://d1c5n4ri2guedi.cloudfront.net/card/41/card_img/20122/41card.png
70,https://d1c5n4ri2guedi.cloudfront.net/card/2677/card_img/32696/2677card.png
71,https://d1c5n4ri2guedi.cloudfront.net/card/2644/card_img/32094/2644card.png
72,https://d1c5n4ri2guedi.cloudfront.net/card/2612/card_img/31305/2612card.png
73,https://d1c5n4ri2guedi.cloudfront.net/card/129/card_img/20358/129card.png
74,https://d1c5n4ri2guedi.cloudfront.net/card/432/card_img/30755/432card.png
75,https://d1c5n4ri2guedi.cloudfront.net/card/201/card_img/20421/201card.png
76,https://d1c5n4ri2guedi.cloudfront.net/card/2613/card_img/31307/2613card.png
77,https://d1c5n4ri2guedi.cloudfront.net/card/2263/card_img/20703/2263card.png
78,https://d1c5n4ri2guedi.cloudfront.net/card/769/card_img/22243/769card.png
79,https://d1c5n4ri2guedi.cloudfront.net/card/718/card_img/28063/718card.png
80,https://d1c5n4ri2guedi.cloudfront.net/card/2670/card_img/32841/2670card.png
81,https://d1c5n4ri2guedi.cloudfront.net/card/2737/card_img/36950/2751card_2.jpg
82,https://d1c5n4ri2guedi.cloudfront.net/card/2753/card_img/36948/2753card_2.png
83,https://d1c5n4ri2guedi.cloudfront.net/card/2406/card_img/26473/2406card.png
84,https://d1c5n4ri2guedi.cloudfront.net/card/2418/card_img/28128/2418card.png
85,https://d1c5n4ri2guedi.cloudfront.net/card/2349/card_img/28096/2349card.png
86,https://d1c5n4ri2guedi.cloudfront.net/card/2675/card_img/32668/2675card.png
87,https://d1c5n4ri2guedi.cloudfront.net/card/458/card_img/28058/458card.png
88,https://d1c5n4ri2guedi.cloudfront.net/card/716/card_img/22190/716card.png
89,https://d1c5n4ri2guedi.cloudfront.net/card/2731/card_img/36308/2731card.png
90,https://d1c5n4ri2guedi.cloudfront.net/card/2536/card_img/29417/2536card.png
91,https://d1c5n4ri2guedi.cloudfront.net/card/2710/card_img/35451/2710card_1.png
92,https://d1c5n4ri2guedi.cloudfront.net/card/2593/card_img/30936/2593card.png
93,https://d1c5n4ri2guedi.cloudfront.net/card/2661/card_img/32404/2661card.png
94,https://d1c5n4ri2guedi.cloudfront.net/card/2705/card_img/34596/2705card_1.png
95,https://d1c5n4ri2guedi.cloudfront.net/card/2529/card_img/29020/2529card.png
96,https://d1c5n4ri2guedi.cloudfront.net/card/15/card_img/20097/15card.png
97,https://d1c5n4ri2guedi.cloudfront.net/card/2290/card_img/27723/2290card.png
98,https://d1c5n4ri2guedi.cloudfront.net/card/2451/card_img/27738/2451card.png
99,https://d1c5n4ri2guedi.cloudfront.net/card/2609/card_img/31241/2609card.png
100,https://d1c5n4ri2guedi.cloudfront.net/card/1731/card_img/22383/1731card.png
101,https://d1c5n4ri2guedi.cloudfront.net/card/2264/card_img/20702/2264card.png
102,https://d1c5n4ri2guedi.cloudfront.net/card/52/card_img/27708/52card.png
103,https://d1c5n4ri2guedi.cloudfront.net/card/2534/card_img/29325/2531card.png
104,https://d1c5n4ri2guedi.cloudfront.net/card/2258/card_img/21008/2258card.png
105,https://d1c5n4ri2guedi.cloudfront.net/card/269/card_img/20492/269card.png
106,https://d1c5n4ri2guedi.cloudfront.net/card/181/card_img/20398/181card.png
107,https://d1c5n4ri2guedi.cloudfront.net/card/2735/card_img/36457/2735card.png
108,https://d1c5n4ri2guedi.cloudfront.net/card/130/card_img/20359/130card.png
109,https://d1c5n4ri2guedi.cloudfront.net/card/2477/card_img/28409/2477card.png
110,https://d1c5n4ri2guedi.cloudfront.net/card/2446/card_img/27741/2446card.png
111,https://d1c5n4ri2guedi.cloudfront.net/card/654/card_img/21417/654card.png
112,https://d1c5n4ri2guedi.cloudfront.net/card/2572/card_img/30116/2572card.png
113,https://d1c5n4ri2guedi.cloudfront.net/card/2709/card_img/35448/2709card_1.png
114,https://d1c5n4ri2guedi.cloudfront.net/card/2461/card_img/28297/2461card.png
115,https://d1c5n4ri2guedi.cloudfront.net/card/2685/card_img/37137/2685ard_2.png
116,https://d1c5n4ri2guedi.cloudfront.net/card/580/card_img/21321/580card.png
117,https://d1c5n4ri2guedi.cloudfront.net/card/59/card_img/37169/59card.png
118,https://d1c5n4ri2guedi.cloudfront.net/card/2680/card_img/32828/2680card.png
119,https://d1c5n4ri2guedi.cloudfront.net/card/490/card_img/21180/490card.png
120,https://d1c5n4ri2guedi.cloudfront.net/card/2664/card_img/32408/2664card.png
121,https://d1c5n4ri2guedi.cloudfront.net/card/2678/card_img/32701/2678card.png
122,https://d1c5n4ri2guedi.cloudfront.net/card/64/card_img/27713/64card.png
123,https://d1c5n4ri2guedi.cloudfront.net/card/2734/card_img/36456/2734card.png
124,https://d1c5n4ri2guedi.cloudfront.net/card/2557/card_img/33458/2557card.png
125,https://d1c5n4ri2guedi.cloudfront.net/card/2751/card_img/36944/2751card_2.jpg
126,https://d1c5n4ri2guedi.cloudfront.net/card/773/card_img/22247/773card.png
127,https://d1c5n4ri2guedi.cloudfront.net/card/2706/card_img/34299/2706card_3.png
128,https://d1c5n4ri2guedi.cloudfront.net/card/651/card_img/21414/651card.png
129,https://d1c5n4ri2guedi.cloudfront.net/card/26/card_img/36674/26card.png
130,https://d1c5n4ri2guedi.cloudfront.net/card/2730/card_img/36139/2730card_1.png
131,https://d1c5n4ri2guedi.cloudfront.net/card/275/card_img/20497/275card.png
132,https://d1c5n4ri2guedi.cloudfront.net/card/2712/card_img/35465/2712card_1.png
133,https://d1c5n4ri2guedi.cloudfront.net/card/10/card_img/24226/10card.png
134,https://d1c5n4ri2guedi.cloudfront.net/card/2347/card_img/32524/2347card.png
135,https://d1c5n4ri2guedi.cloudfront.net/card/92/card_img/20246/92card.png
136,https://d1c5n4ri2guedi.cloudfront.net/card/12/card_img/20094/12card.png
137,https://d1c5n4ri2guedi.cloudfront.net/card/2732/card_img/36414/2732card_1.jpg
138,https://d1c5n4ri2guedi.cloudfront.net/card/2327/card_img/24806/2327card.png
139,https://d1c5n4ri2guedi.cloudfront.net/card/2714/card_img/35527/2714card.png
140,https://d1c5n4ri2guedi.cloudfront.net/card/1584/card_img/22633/1584card.png
141,https://d1c5n4ri2guedi.cloudfront.net/card/2428/card_img/27226/2428card.png
142,https://d1c5n4ri2guedi.cloudfront.net/card/658/card_img/27733/0658card.png
143,https://d1c5n4ri2guedi.cloudfront.net/card/578/card_img/21317/578card.png
144,https://d1c5n4ri2guedi.cloudfront.net/card/8/card_img/20090/8card.png
145,https://d1c5n4ri2guedi.cloudfront.net/card/2679/card_img/32809/2679card.png
146,https://d1c5n4ri2guedi.cloudfront.net/card/2440/card_img/28282/2440card.png
147,https://d1c5n4ri2guedi.cloudfront.net/card/577/card_img/21314/577card.png
148,https://d1c5n4ri2guedi.cloudfront.net/card/449/card_img/20961/449card.png
149,https://d1c5n4ri2guedi.cloudfront.net/card/1555/card_img/22679/1555card.png
150,https://d1c5n4ri2guedi.cloudfront.net/card/2555/card_img/33456/2555card.png
151,https://d1c5n4ri2guedi.cloudfront.net/card/2532/card_img/29208/2532card.png
152,https://d1c5n4ri2guedi.cloudfront.net/card/241/card_img/20468/241card.png
153,https://d1c5n4ri2guedi.cloudfront.net/card/2648/card_img/32138/2648card.png
154,https://d1c5n4ri2guedi.cloudfront.net/card/707/card_img/22181/707card.png
155,https://d1c5n4ri2guedi.cloudfront.net/card/613/card_img/21380/613card.gif
156,https://d1c5n4ri2guedi.cloudfront.net/card/2345/card_img/24462/2345card.png
157,https://d1c5n4ri2guedi.cloudfront.net/card/2688/card_img/33240/2688card.png
158,https://d1c5n4ri2guedi.cloudfront.net/card/2348/card_img/25292/2348card.png
159,https://d1c5n4ri2guedi.cloudfront.net/card/2592/card_img/30924/2592card.png
160,https://d1c5n4ri2guedi.cloudfront.net/card/1577/card_img/28754/1577card.png
161,https://d1c5n4ri2guedi.cloudfront.net/card/2544/card_img/29533/2544card.png
162,https://d1c5n4ri2guedi.cloudfront.net/card/2722/card_img/35971/2722card.png
163,https://d1c5n4ri2guedi.cloudfront.net/card/548/card_img/23980/0548card.png
164,https://d1c5n4ri2guedi.cloudfront.net/card/133/card_img/20362/133card.png
165,https://d1c5n4ri2guedi.cloudfront.net/card/2482/card_img/28405/2482card.png
166,https://d1c5n4ri2guedi.cloudfront.net/card/2291/card_img/20676/2291card.png
167,https://d1c5n4ri2guedi.cloudfront.net/card/2689/card_img/33241/2689card.png
168,https://d1c5n4ri2guedi.cloudfront.net/card/2610/card_img/31261/2610card.png
169,https://d1c5n4ri2guedi.cloudfront.net/card/2464/card_img/28156/2464card.png
170,https://d1c5n4ri2guedi.cloudfront.net/card/2433/card_img/27297/2434card.png
171,https://d1c5n4ri2guedi.cloudfront.net/card/884/card_img/21657/884card.png
172,https://d1c5n4ri2guedi.cloudfront.net/card/2551/card_img/29587/2551card.png
173,https://d1c5n4ri2guedi.cloudfront.net/card/2558/card_img/33441/2558card.png
174,https://d1c5n4ri2guedi.cloudfront.net/card/661/card_img/21424/661card.png
175,https://d1c5n4ri2guedi.cloudfront.net/card/2395/card_img/26085/2395card.png
176,https://d1c5n4ri2guedi.cloudfront.net/card/259/card_img/20485/259card.png
177,https://d1c5n4ri2guedi.cloudfront.net/card/106/card_img/20264/106card.png
178,https://d1c5n4ri2guedi.cloudfront.net/card/2560/card_img/33459/2560card.png
179,https://d1c5n4ri2guedi.cloudfront.net/card/2707/card_img/34645/2707card.png
180,https://d1c5n4ri2guedi.cloudfront.net/card/2420/card_img/28101/2420card.png
181,https://d1c5n4ri2guedi.cloudfront.net/card/697/card_img/22171/697card.png
182,https://d1c5n4ri2guedi.cloudfront.net/card/11/card_img/32203/11card.png
183,https://d1c5n4ri2guedi.cloudfront.net/card/2623/card_img/31558/2623card.png
184,https://d1c5n4ri2guedi.cloudfront.net/card/2729/card_img/36137/2729card_1.png
185,https://d1c5n4ri2guedi.cloudfront.net/card/2686/card_img/33272/2686card.png
186,https://d1c5n4ri2guedi.cloudfront.net/card/681/card_img/28062/681card.png
187,https://d1c5n4ri2guedi.cloudfront.net/card/2091/card_img/21909/2091card.png
188,https://d1c5n4ri2guedi.cloudfront.net/card/2453/card_img/27868/2453card.png
189,https://d1c5n4ri2guedi.cloudfront.net/card/589/card_img/21346/589card.png
190,https://d1c5n4ri2guedi.cloudfront.net/card/2228/card_img/21353/2228card.png
191,https://d1c5n4ri2guedi.cloudfront.net/card/2472/card_img/28299/2472card.png
192,https://d1c5n4ri2guedi.cloudfront.net/card/659/card_img/27716/659card.png
193,https://d1c5n4ri2guedi.cloudfront.net/card/2757/card_img/37054/2756card_2.png
194,https://d1c5n4ri2guedi.cloudfront.net/card/662/card_img/28102/662card.png
195,https://d1c5n4ri2guedi.cloudfront.net/card/591/card_img/21348/591card.png
196,https://d1c5n4ri2guedi.cloudfront.net/card/72/card_img/27714/72card.png
197,https://d1c5n4ri2guedi.cloudfront.net/card/912/card_img/21632/912card.png
198,https://d1c5n4ri2guedi.cloudfront.net/card/712/card_img/22186/712card.png
199,https://d1c5n4ri2guedi.cloudfront.net/card/108/card_img/20266/108card.png
200,https://d1c5n4ri2guedi.cloudfront.net/card/2541/card_img/29517/2541card.png
201,https://d1c5n4ri2guedi.cloudfront.net/card/1174/card_img/21134/1174card.png
202,https://d1c5n4ri2guedi.cloudfront.net/card/421/card_img/20919/421card.png
203,https://d1c5n4ri2guedi.cloudfront.net/card/18/card_img/20100/18card.png
204,https://d1c5n4ri2guedi.cloudfront.net/card/2090/card_img/21910/2090card.png
205,https://d1c5n4ri2guedi.cloudfront.net/card/1286/card_img/21020/1286card.png
206,https://d1c5n4ri2guedi.cloudfront.net/card/889/card_img/21652/889card.png
207,https://d1c5n4ri2guedi.cloudfront.net/card/2594/card_img/30943/2594card.png
208,https://d1c5n4ri2guedi.cloudfront.net/card/2539/card_img/29505/2539card.png
209,https://d1c5n4ri2guedi.cloudfront.net/card/184/card_img/20401/184card.png
210,https://d1c5n4ri2guedi.cloudfront.net/card/780/card_img/28070/780card.png
211,https://d1c5n4ri2guedi.cloudfront.net/card/592/card_img/28060/592card.png
212,https://d1c5n4ri2guedi.cloudfront.net/card/1032/card_img/21503/1032card.png
213,https://d1c5n4ri2guedi.cloudfront.net/card/2364/card_img/28097/2364card.png
214,https://d1c5n4ri2guedi.cloudfront.net/card/852/card_img/21690/852card.png
215,https://d1c5n4ri2guedi.cloudfront.net/card/2634/card_img/31799/2634card.png
216,https://d1c5n4ri2guedi.cloudfront.net/card/21/card_img/32302/21card.png
217,https://d1c5n4ri2guedi.cloudfront.net/card/2447/card_img/27742/2447card.png
218,https://d1c5n4ri2guedi.cloudfront.net/card/2587/card_img/31044/2587card_2.png
219,https://d1c5n4ri2guedi.cloudfront.net/card/2474/card_img/28412/2474card.png
220,https://d1c5n4ri2guedi.cloudfront.net/card/114/card_img/20272/114card.png
221,https://d1c5n4ri2guedi.cloudfront.net/card/477/card_img/21167/477card.png
222,https://d1c5n4ri2guedi.cloudfront.net/card/248/card_img/20475/248card.png
223,https://d1c5n4ri2guedi.cloudfront.net/card/2756/card_img/37053/2755card_1.png
224,https://d1c5n4ri2guedi.cloudfront.net/card/2627/card_img/31712/2627card.png
225,https://d1c5n4ri2guedi.cloudfront.net/card/113/card_img/20271/113card.png
226,https://d1c5n4ri2guedi.cloudfront.net/card/2591/card_img/30912/2591card.png
227,https://d1c5n4ri2guedi.cloudfront.net/card/2681/card_img/33461/2681card.png
228,https://d1c5n4ri2guedi.cloudfront.net/card/2324/card_img/28095/2324card.png
229,https://d1c5n4ri2guedi.cloudfront.net/card/2504/card_img/28652/2504card.png
230,https://d1c5n4ri2guedi.cloudfront.net/card/1991/card_img/22007/1991card.png
231,https://d1c5n4ri2guedi.cloudfront.net/card/2535/card_img/29416/2535card.png
232,https://d1c5n4ri2guedi.cloudfront.net/card/2718/card_img/35577/2728card.png
233,https://d1c5n4ri2guedi.cloudfront.net/card/61/card_img/28053/61card.png
234,https://d1c5n4ri2guedi.cloudfront.net/card/764/card_img/28068/764card.png
235,https://d1c5n4ri2guedi.cloudfront.net/card/673/card_img/36499/673card_6.png
236,https://d1c5n4ri2guedi.cloudfront.net/card/2640/card_img/31956/2640card.png
237,https://d1c5n4ri2guedi.cloudfront.net/card/2396/card_img/26137/2396card.png
238,https://d1c5n4ri2guedi.cloudfront.net/card/2252/card_img/21002/2252card.png
239,https://d1c5n4ri2guedi.cloudfront.net/card/2566/card_img/31957/2566card_2.png
240,https://d1c5n4ri2guedi.cloudfront.net/card/542/card_img/21246/542card.png
241,https://d1c5n4ri2guedi.cloudfront.net/card/2389/card_img/25818/2389card.png
242,https://d1c5n4ri2guedi.cloudfront.net/card/693/card_img/22167/693card.png
243,https://d1c5n4ri2guedi.cloudfront.net/card/14/card_img/20096/14card.png
244,https://d1c5n4ri2guedi.cloudfront.net/card/50/card_img/27706/50card.png
245,https://d1c5n4ri2guedi.cloudfront.net/card/426/card_img/20924/426card.png
246,https://d1c5n4ri2guedi.cloudfront.net/card/512/card_img/21198/512card.png
247,https://d1c5n4ri2guedi.cloudfront.net/card/2684/card_img/32813/2684card.png
248,https://d1c5n4ri2guedi.cloudfront.net/card/751/card_img/22225/751card.png
249,https://d1c5n4ri2guedi.cloudfront.net/card/1865/card_img/28079/1865card.png
250,https://d1c5n4ri2guedi.cloudfront.net/card/537/card_img/21236/537card.png
251,https://d1c5n4ri2guedi.cloudfront.net/card/139/card_img/20367/139card.png
252,https://d1c5n4ri2guedi.cloudfront.net/card/2339/card_img/24303/2339card.png
253,https://d1c5n4ri2guedi.cloudfront.net/card/452/card_img/20966/452card.png
254,https://d1c5n4ri2guedi.cloudfront.net/card/2450/card_img/27739/2450card.png
255,https://d1c5n4ri2guedi.cloudfront.net/card/741/card_img/22215/741card.png
256,https://d1c5n4ri2guedi.cloudfront.net/card/243/card_img/20470/243card.png
257,https://d1c5n4ri2guedi.cloudfront.net/card/177/card_img/20393/177card.png
258,https://d1c5n4ri2guedi.cloudfront.net/card/2633/card_img/31798/2633card.png
259,https://d1c5n4ri2guedi.cloudfront.net/card/2746/card_img/36818/2746card_2.png
260,https://d1c5n4ri2guedi.cloudfront.net/card/543/card_img/21248/543card.png
261,https://d1c5n4ri2guedi.cloudfront.net/card/544/card_img/21249/544card.png
262,https://d1c5n4ri2guedi.cloudfront.net/card/480/card_img/21170/480card.png
263,https://d1c5n4ri2guedi.cloudfront.net/card/2409/card_img/26572/2409card.png
264,https://d1c5n4ri2guedi.cloudfront.net/card/630/card_img/21396/630card.png
265,https://d1c5n4ri2guedi.cloudfront.net/card/1787/card_img/28782/1787card.png
266,https://d1c5n4ri2guedi.cloudfront.net/card/455/card_img/20971/455card.png
267,https://d1c5n4ri2guedi.cloudfront.net/card/2631/card_img/31783/2631card.png
268,https://d1c5n4ri2guedi.cloudfront.net/card/727/card_img/22201/727card.png
269,https://d1c5n4ri2guedi.cloudfront.net/card/252/card_img/30965/252card.png
270,https://d1c5n4ri2guedi.cloudfront.net/card/2485/card_img/28402/2485card.png
271,https://d1c5n4ri2guedi.cloudfront.net/card/706/card_img/22180/706card.png
272,https://d1c5n4ri2guedi.cloudfront.net/card/193/card_img/20413/193card.png
273,https://d1c5n4ri2guedi.cloudfront.net/card/2393/card_img/25915/2393card.png
274,https://d1c5n4ri2guedi.cloudfront.net/card/2388/card_img/25777/2388card.png
275,https://d1c5n4ri2guedi.cloudfront.net/card/2618/card_img/31391/2618card.png
276,https://d1c5n4ri2guedi.cloudfront.net/card/63/card_img/28054/63card.png
277,https://d1c5n4ri2guedi.cloudfront.net/card/636/card_img/21402/636card.png
278,https://d1c5n4ri2guedi.cloudfront.net/card/2211/card_img/21774/2211card.png
279,https://d1c5n4ri2guedi.cloudfront.net/card/2270/card_img/20696/2270card.png
280,https://d1c5n4ri2guedi.cloudfront.net/card/2540/card_img/29516/2540card.png
281,https://d1c5n4ri2guedi.cloudfront.net/card/2629/card_img/31741/2629card.png
282,https://d1c5n4ri2guedi.cloudfront.net/card/43/card_img/20124/43card.png
283,https://d1c5n4ri2guedi.cloudfront.net/card/126/card_img/20356/126card.png
284,https://d1c5n4ri2guedi.cloudfront.net/card/2226/card_img/21355/2226card.png
285,https://d1c5n4ri2guedi.cloudfront.net/card/2424/card_img/27180/2424card.png
286,https://d1c5n4ri2guedi.cloudfront.net/card/242/card_img/20469/242card.png
287,https://d1c5n4ri2guedi.cloudfront.net/card/2253/card_img/21003/2253card.png
288,https://d1c5n4ri2guedi.cloudfront.net/card/2412/card_img/26720/2412card.png
289,https://d1c5n4ri2guedi.cloudfront.net/card/266/card_img/23586/266card.png
290,https://d1c5n4ri2guedi.cloudfront.net/card/2656/card_img/32226/2656card.png
291,https://d1c5n4ri2guedi.cloudfront.net/card/2442/card_img/28284/2442card.png
292,https://d1c5n4ri2guedi.cloudfront.net/card/1073/card_img/21464/1073card.png
293,https://d1c5n4ri2guedi.cloudfront.net/card/136/card_img/20364/136card.png
294,https://d1c5n4ri2guedi.cloudfront.net/card/194/card_img/20414/194card.png
295,https://d1c5n4ri2guedi.cloudfront.net/card/953/card_img/21590/953card.png
296,https://d1c5n4ri2guedi.cloudfront.net/card/2435/card_img/27410/2435card.png
297,https://d1c5n4ri2guedi.cloudfront.net/card/430/card_img/20926/430card.png
298,https://d1c5n4ri2guedi.cloudfront.net/card/1468/card_img/20546/1468card.png
299,https://d1c5n4ri2guedi.cloudfront.net/card/2392/card_img/28098/2392card.png
300,https://d1c5n4ri2guedi.cloudfront.net/card/2284/card_img/20682/2284card.png
301,https://d1c5n4ri2guedi.cloudfront.net/card/2615/card_img/31432/2615card-%281%29.png
302,https://d1c5n4ri2guedi.cloudfront.net/card/2704/card_img/34571/2704card_1.png
303,https://d1c5n4ri2guedi.cloudfront.net/card/2195/card_img/21809/2195card.png
304,https://d1c5n4ri2guedi.cloudfront.net/card/1899/card_img/22097/1899card.png
305,https://d1c5n4ri2guedi.cloudfront.net/card/1859/card_img/22152/1859card.png
306,https://d1c5n4ri2guedi.cloudfront.net/card/1961/card_img/22037/1961card.png
307,https://d1c5n4ri2guedi.cloudfront.net/card/1288/card_img/21018/1288card.png
308,https://d1c5n4ri2guedi.cloudfront.net/card/207/card_img/20431/207card.png
309,https://d1c5n4ri2guedi.cloudfront.net/card/481/card_img/21171/481card.png
310,https://d1c5n4ri2guedi.cloudfront.net/card/2452/card_img/27779/2452card.png
311,https://d1c5n4ri2guedi.cloudfront.net/card/2624/card_img/31557/2624card.png
312,https://d1c5n4ri2guedi.cloudfront.net/card/655/card_img/21418/655card.png
313,https://d1c5n4ri2guedi.cloudfront.net/card/1889/card_img/28084/1889card.png
314,https://d1c5n4ri2guedi.cloudfront.net/card/2645/card_img/32105/2645card.png
315,https://d1c5n4ri2guedi.cloudfront.net/card/733/card_img/22207/733card.png
316,https://d1c5n4ri2guedi.cloudfront.net/card/2515/card_img/28767/2515card.png
317,https://d1c5n4ri2guedi.cloudfront.net/card/2419/card_img/28100/2419card.png
318,https://d1c5n4ri2guedi.cloudfront.net/card/138/card_img/20366/138card.png
319,https://d1c5n4ri2guedi.cloudfront.net/card/33/card_img/20115/33card.png
320,https://d1c5n4ri2guedi.cloudfront.net/card/508/card_img/21197/508card.png
321,https://d1c5n4ri2guedi.cloudfront.net/card/563/card_img/21270/563card.png
322,https://d1c5n4ri2guedi.cloudfront.net/card/696/card_img/22170/696card.png
323,https://d1c5n4ri2guedi.cloudfront.net/card/2565/card_img/29690/2565card.png
324,https://d1c5n4ri2guedi.cloudfront.net/card/854/card_img/21688/854card.png
325,https://d1c5n4ri2guedi.cloudfront.net/card/2521/card_img/28840/2521card.png
326,https://d1c5n4ri2guedi.cloudfront.net/card/183/card_img/20400/183card.png
327,https://d1c5n4ri2guedi.cloudfront.net/card/2380/card_img/25482/2380card.png
328,https://d1c5n4ri2guedi.cloudfront.net/card/652/card_img/21415/652card.png
329,https://d1c5n4ri2guedi.cloudfront.net/card/2449/card_img/27744/2449card.png
330,https://d1c5n4ri2guedi.cloudfront.net/card/180/card_img/20396/180card.png
331,https://d1c5n4ri2guedi.cloudfront.net/card/607/card_img/21374/607card.png
332,https://d1c5n4ri2guedi.cloudfront.net/card/2724/card_img/36084/2724card.png
333,https://d1c5n4ri2guedi.cloudfront.net/card/2483/card_img/28404/2483card.png
334,https://d1c5n4ri2guedi.cloudfront.net/card/1390/card_img/20752/1390card.png
335,https://d1c5n4ri2guedi.cloudfront.net/card/527/card_img/21214/527card.png
336,https://d1c5n4ri2guedi.cloudfront.net/card/107/card_img/20265/107card.png
337,https://d1c5n4ri2guedi.cloudfront.net/card/2649/card_img/32141/2649card.png
338,https://d1c5n4ri2guedi.cloudfront.net/card/1315/card_img/20866/1315card.png
339,https://d1c5n4ri2guedi.cloudfront.net/card/2717/card_img/35572/2717card.png
340,https://d1c5n4ri2guedi.cloudfront.net/card/2283/card_img/20683/2283card.png
341,https://d1c5n4ri2guedi.cloudfront.net/card/2543/card_img/29519/2543card.png
342,https://d1c5n4ri2guedi.cloudfront.net/card/1599/card_img/22605/1599card.png
343,https://d1c5n4ri2guedi.cloudfront.net/card/142/card_img/20370/142card.png
344,https://d1c5n4ri2guedi.cloudfront.net/card/125/card_img/20355/125card.png
345,https://d1c5n4ri2guedi.cloudfront.net/card/1171/card_img/21137/1171card.png
346,https://d1c5n4ri2guedi.cloudfront.net/card/1229/card_img/21079/1229card.png
347,https://d1c5n4ri2guedi.cloudfront.net/card/182/card_img/20399/182card.png
348,https://d1c5n4ri2guedi.cloudfront.net/card/2302/card_img/23140/2302card.png
349,https://d1c5n4ri2guedi.cloudfront.net/card/487/card_img/21177/487card.png
350,https://d1c5n4ri2guedi.cloudfront.net/card/2251/card_img/21001/2251card.png
351,https://d1c5n4ri2guedi.cloudfront.net/card/514/card_img/30933/514card.png
352,https://d1c5n4ri2guedi.cloudfront.net/card/488/card_img/21178/488card.png
353,https://d1c5n4ri2guedi.cloudfront.net/card/2739/card_img/36662/2739card_1.png
354,https://d1c5n4ri2guedi.cloudfront.net/card/740/card_img/22214/740card.png
355,https://d1c5n4ri2guedi.cloudfront.net/card/579/card_img/21320/579card.png
356,https://d1c5n4ri2guedi.cloudfront.net/card/2016/card_img/21982/2016card.jpg
357,https://d1c5n4ri2guedi.cloudfront.net/card/1529/card_img/20202/1529card.png
358,https://d1c5n4ri2guedi.cloudfront.net/card/2130/card_img/21865/2130card.png
359,https://d1c5n4ri2guedi.cloudfront.net/card/1860/card_img/28078/1860card.png
360,https://d1c5n4ri2guedi.cloudfront.net/card/1061/card_img/21474/1061card.png
361,https://d1c5n4ri2guedi.cloudfront.net/card/2698/card_img/33929/2698card.png
362,https://d1c5n4ri2guedi.cloudfront.net/card/1294/card_img/21012/1294card.png
363,https://d1c5n4ri2guedi.cloudfront.net/card/274/card_img/20496/274card.png
364,https://d1c5n4ri2guedi.cloudfront.net/card/536/card_img/21235/536card.png
365,https://d1c5n4ri2guedi.cloudfront.net/card/1006/card_img/21529/1006card.png
366,https://d1c5n4ri2guedi.cloudfront.net/card/2491/card_img/28473/2491card.png
367,https://d1c5n4ri2guedi.cloudfront.net/card/2533/card_img/29209/2533card.png
368,https://d1c5n4ri2guedi.cloudfront.net/card/2642/card_img/32040/2642card.png
369,https://d1c5n4ri2guedi.cloudfront.net/card/564/card_img/21271/564card.png
370,https://d1c5n4ri2guedi.cloudfront.net/card/482/card_img/30435/482card.png
371,https://d1c5n4ri2guedi.cloudfront.net/card/949/card_img/21594/949card.png
372,https://d1c5n4ri2guedi.cloudfront.net/card/1007/card_img/21528/1007card.png
373,https://d1c5n4ri2guedi.cloudfront.net/card/453/card_img/20968/453card.png
374,https://d1c5n4ri2guedi.cloudfront.net/card/551/card_img/21256/551card.png
375,https://d1c5n4ri2guedi.cloudfront.net/card/2402/card_img/26571/2402card.png
376,https://d1c5n4ri2guedi.cloudfront.net/card/2494/card_img/28493/2494card.png
377,https://d1c5n4ri2guedi.cloudfront.net/card/2607/card_img/31232/2607card.png
378,https://d1c5n4ri2guedi.cloudfront.net/card/2484/card_img/28403/2484card.png
379,https://d1c5n4ri2guedi.cloudfront.net/card/164/card_img/20384/164card.png
380,https://d1c5n4ri2guedi.cloudfront.net/card/140/card_img/20368/140card.png
381,https://d1c5n4ri2guedi.cloudfront.net/card/2459/card_img/28127/2459card.png
382,https://d1c5n4ri2guedi.cloudfront.net/card/148/card_img/20374/148card.png
383,https://d1c5n4ri2guedi.cloudfront.net/card/2398/card_img/28099/2398card.png
384,https://d1c5n4ri2guedi.cloudfront.net/card/36/card_img/23899/36card.png
385,https://d1c5n4ri2guedi.cloudfront.net/card/2549/card_img/29581/2549card.png
386,https://d1c5n4ri2guedi.cloudfront.net/card/2467/card_img/28181/2467card.png
387,https://d1c5n4ri2guedi.cloudfront.net/card/1593/card_img/22624/1593card.png
388,https://d1c5n4ri2guedi.cloudfront.net/card/726/card_img/22200/726card.png
389,https://d1c5n4ri2guedi.cloudfront.net/card/2641/card_img/32000/2641card.png
390,https://d1c5n4ri2guedi.cloudfront.net/card/789/card_img/21753/789card.png
391,https://d1c5n4ri2guedi.cloudfront.net/card/2416/card_img/26998/2416card.png
392,https://d1c5n4ri2guedi.cloudfront.net/card/271/card_img/23585/271card.png
393,https://d1c5n4ri2guedi.cloudfront.net/card/2701/card_img/34110/2701card_1.png
394,https://d1c5n4ri2guedi.cloudfront.net/card/631/card_img/21397/631card6.png
395,https://d1c5n4ri2guedi.cloudfront.net/card/247/card_img/20474/247card.png
396,https://d1c5n4ri2guedi.cloudfront.net/card/2548/card_img/29544/2548card.png
397,https://d1c5n4ri2guedi.cloudfront.net/card/859/card_img/21683/859card.png
398,https://d1c5n4ri2guedi.cloudfront.net/card/2526/card_img/28930/2526card.png
399,https://d1c5n4ri2guedi.cloudfront.net/card/522/card_img/21207/522card.png
400,https://d1c5n4ri2guedi.cloudfront.net/card/664/card_img/21429/664card.png
401,https://d1c5n4ri2guedi.cloudfront.net/card/2128/card_img/21863/2128card.png
402,https://d1c5n4ri2guedi.cloudfront.net/card/2708/card_img/34915/2708card.png
403,https://d1c5n4ri2guedi.cloudfront.net/card/1309/card_img/20960/1309card.png
404,https://d1c5n4ri2guedi.cloudfront.net/card/2715/card_img/35532/2715card.png
405,https://d1c5n4ri2guedi.cloudfront.net/card/695/card_img/22169/695card.png
406,https://d1c5n4ri2guedi.cloudfront.net/card/2407/card_img/27726/2407card.png
407,https://d1c5n4ri2guedi.cloudfront.net/card/729/card_img/28578/729card.png
408,https://d1c5n4ri2guedi.cloudfront.net/card/895/card_img/21647/895card.png
409,https://d1c5n4ri2guedi.cloudfront.net/card/864/card_img/21678/864card.png
410,https://d1c5n4ri2guedi.cloudfront.net/card/2309/card_img/23690/2309card.png
411,https://d1c5n4ri2guedi.cloudfront.net/card/2293/card_img/23896/2293card.png
412,https://d1c5n4ri2guedi.cloudfront.net/card/633/card_img/21399/633card.png
413,https://d1c5n4ri2guedi.cloudfront.net/card/2653/card_img/32205/2653card.png
414,https://d1c5n4ri2guedi.cloudfront.net/card/450/card_img/20963/450card.png
415,https://d1c5n4ri2guedi.cloudfront.net/card/1155/card_img/21152/1155card.png
416,https://d1c5n4ri2guedi.cloudfront.net/card/2658/card_img/32301/2658card.png
417,https://d1c5n4ri2guedi.cloudfront.net/card/785/card_img/28072/785card.png
418,https://d1c5n4ri2guedi.cloudfront.net/card/627/card_img/29022/627card.png
419,https://d1c5n4ri2guedi.cloudfront.net/card/2175/card_img/21789/2175card.png
420,https://d1c5n4ri2guedi.cloudfront.net/card/721/card_img/22195/721card.png
421,https://d1c5n4ri2guedi.cloudfront.net/card/174/card_img/20386/174card.png
422,https://d1c5n4ri2guedi.cloudfront.net/card/2517/card_img/28787/2517card.png
423,https://d1c5n4ri2guedi.cloudfront.net/card/951/card_img/21592/951card.png
424,https://d1c5n4ri2guedi.cloudfront.net/card/2365/card_img/25019/2365card.png
425,https://d1c5n4ri2guedi.cloudfront.net/card/2516/card_img/28768/2516card.png
426,https://d1c5n4ri2guedi.cloudfront.net/card/2514/card_img/28765/2514card.png
427,https://d1c5n4ri2guedi.cloudfront.net/card/2554/card_img/29613/2554card.png
428,https://d1c5n4ri2guedi.cloudfront.net/card/2381/card_img/25483/2381card.png
429,https://d1c5n4ri2guedi.cloudfront.net/card/2384/card_img/25486/2384card.png
430,https://d1c5n4ri2guedi.cloudfront.net/card/2465/card_img/28191/2465card.png
431,https://d1c5n4ri2guedi.cloudfront.net/card/28/card_img/20110/28card.png
432,https://d1c5n4ri2guedi.cloudfront.net/card/2304/card_img/23588/2304card.png
433,https://d1c5n4ri2guedi.cloudfront.net/card/2616/card_img/31388/2616card.png
434,https://d1c5n4ri2guedi.cloudfront.net/card/567/card_img/21274/567card.png
435,https://d1c5n4ri2guedi.cloudfront.net/card/2743/card_img/36737/2743card_1.png
436,https://d1c5n4ri2guedi.cloudfront.net/card/2590/card_img/30911/2590card.png
437,https://d1c5n4ri2guedi.cloudfront.net/card/1236/card_img/21072/1236card.png
438,https://d1c5n4ri2guedi.cloudfront.net/card/1926/card_img/22072/1926card.jpg
439,https://d1c5n4ri2guedi.cloudfront.net/card/470/card_img/21160/470card.png
440,https://d1c5n4ri2guedi.cloudfront.net/card/469/card_img/21159/469card.png
441,https://d1c5n4ri2guedi.cloudfront.net/card/890/card_img/21651/890card.png
442,https://d1c5n4ri2guedi.cloudfront.net/card/784/card_img/33132/784card.png
443,https://d1c5n4ri2guedi.cloudfront.net/card/2230/card_img/21351/2230card.png
444,https://d1c5n4ri2guedi.cloudfront.net/card/2473/card_img/28413/2473card.png
445,https://d1c5n4ri2guedi.cloudfront.net/card/1883/card_img/28082/1883card.png
446,https://d1c5n4ri2guedi.cloudfront.net/card/2254/card_img/21004/2254card.png
447,https://d1c5n4ri2guedi.cloudfront.net/card/2366/card_img/25047/2366card.png
448,https://d1c5n4ri2guedi.cloudfront.net/card/783/card_img/21759/783card.png
449,https://d1c5n4ri2guedi.cloudfront.net/card/2755/card_img/37051/2754card.png
450,https://d1c5n4ri2guedi.cloudfront.net/card/2545/card_img/29534/2545card.png
451,https://d1c5n4ri2guedi.cloudfront.net/card/2490/card_img/28433/2490card.png
452,https://d1c5n4ri2guedi.cloudfront.net/card/1754/card_img/22360/1754card.jpg
453,https://d1c5n4ri2guedi.cloudfront.net/card/546/card_img/21252/546card.png
454,https://d1c5n4ri2guedi.cloudfront.net/card/2716/card_img/35567/2716card.png
455,https://d1c5n4ri2guedi.cloudfront.net/card/2238/card_img/28091/2238card.png
456,https://d1c5n4ri2guedi.cloudfront.net/card/2288/card_img/22720/2288card.png
457,https://d1c5n4ri2guedi.cloudfront.net/card/2383/card_img/25485/2383card.png
458,https://d1c5n4ri2guedi.cloudfront.net/card/2279/card_img/28094/2279card.png
459,https://d1c5n4ri2guedi.cloudfront.net/card/188/card_img/20406/188card.png
460,https://d1c5n4ri2guedi.cloudfront.net/card/2448/card_img/27743/2448card.png
461,https://d1c5n4ri2guedi.cloudfront.net/card/565/card_img/21272/565card.png
462,https://d1c5n4ri2guedi.cloudfront.net/card/501/card_img/21190/501card.png
463,https://d1c5n4ri2guedi.cloudfront.net/card/273/card_img/20495/273card.png
464,https://d1c5n4ri2guedi.cloudfront.net/card/1906/card_img/22090/1906card.png
465,https://d1c5n4ri2guedi.cloudfront.net/card/940/card_img/29510/940card.png
466,https://d1c5n4ri2guedi.cloudfront.net/card/448/card_img/20956/448card.png
467,https://d1c5n4ri2guedi.cloudfront.net/card/615/card_img/21382/615card.png
468,https://d1c5n4ri2guedi.cloudfront.net/card/2542/card_img/29518/2542card.png
469,https://d1c5n4ri2guedi.cloudfront.net/card/781/card_img/21761/781card.jpg
470,https://d1c5n4ri2guedi.cloudfront.net/card/530/card_img/21219/530card.png
471,https://d1c5n4ri2guedi.cloudfront.net/card/531/card_img/21221/531card.png
472,https://d1c5n4ri2guedi.cloudfront.net/card/1996/card_img/22002/1996card.png
473,https://d1c5n4ri2guedi.cloudfront.net/card/2401/card_img/26210/2401card.png
474,https://d1c5n4ri2guedi.cloudfront.net/card/1673/card_img/28076/1673card.png
475,https://d1c5n4ri2guedi.cloudfront.net/card/2605/card_img/31230/2605card.png
476,https://d1c5n4ri2guedi.cloudfront.net/card/2635/card_img/31800/2635card.png
477,https://d1c5n4ri2guedi.cloudfront.net/card/62/card_img/28103/62card.png
478,https://d1c5n4ri2guedi.cloudfront.net/card/2713/card_img/35514/2713card.png
479,https://d1c5n4ri2guedi.cloudfront.net/card/478/card_img/21168/478card.png
480,https://d1c5n4ri2guedi.cloudfront.net/card/1383/card_img/20760/1383card.png
481,https://d1c5n4ri2guedi.cloudfront.net/card/2659/card_img/32305/2659card.png
482,https://d1c5n4ri2guedi.cloudfront.net/card/2257/card_img/28092/2257card.png
483,https://d1c5n4ri2guedi.cloudfront.net/card/2071/card_img/21928/2071card.jpg
484,https://d1c5n4ri2guedi.cloudfront.net/card/476/card_img/21166/476card.png
485,https://d1c5n4ri2guedi.cloudfront.net/card/1003/card_img/21532/1003card.png
486,https://d1c5n4ri2guedi.cloudfront.net/card/2747/card_img/36835/2747card.png
487,https://d1c5n4ri2guedi.cloudfront.net/card/2097/card_img/21903/2097card.png
488,https://d1c5n4ri2guedi.cloudfront.net/card/687/card_img/25343/687card.png
489,https://d1c5n4ri2guedi.cloudfront.net/card/738/card_img/22212/738card.png
490,https://d1c5n4ri2guedi.cloudfront.net/card/560/card_img/21265/560card.png
491,https://d1c5n4ri2guedi.cloudfront.net/card/617/card_img/21384/617card.png
492,https://d1c5n4ri2guedi.cloudfront.net/card/1816/card_img/22290/1816card.png
493,https://d1c5n4ri2guedi.cloudfront.net/card/2457/card_img/28042/2457card.png
494,https://d1c5n4ri2guedi.cloudfront.net/card/2198/card_img/21812/2198card.png
495,https://d1c5n4ri2guedi.cloudfront.net/card/2361/card_img/24783/2361card.png
496,https://d1c5n4ri2guedi.cloudfront.net/card/1558/card_img/22676/1558card.png
497,https://d1c5n4ri2guedi.cloudfront.net/card/2292/card_img/22779/2292card.png
498,https://d1c5n4ri2guedi.cloudfront.net/card/629/card_img/21395/629card.png
499,https://d1c5n4ri2guedi.cloudfront.net/card/447/card_img/20955/447card.png
500,https://d1c5n4ri2guedi.cloudfront.net/card/55/card_img/27710/55card.png
501,https://d1c5n4ri2guedi.cloudfront.net/card/2468/card_img/28182/2468card.png
502,https://d1c5n4ri2guedi.cloudfront.net/card/2741/card_img/36698/2741card_1.png
503,https://d1c5n4ri2guedi.cloudfront.net/card/621/card_img/21387/621card.png
504,https://d1c5n4ri2guedi.cloudfront.net/card/173/card_img/20385/173card.png
505,https://d1c5n4ri2guedi.cloudfront.net/card/1759/card_img/28077/1759card.png
506,https://d1c5n4ri2guedi.cloudfront.net/card/156/card_img/20380/156card.png
507,https://d1c5n4ri2guedi.cloudfront.net/card/2602/card_img/31171/2602card.png
508,https://d1c5n4ri2guedi.cloudfront.net/card/2493/card_img/28477/2493card.png
509,https://d1c5n4ri2guedi.cloudfront.net/card/260/card_img/20486/260card.png
510,https://d1c5n4ri2guedi.cloudfront.net/card/1868/card_img/22128/1868card.png
511,https://d1c5n4ri2guedi.cloudfront.net/card/2444/card_img/27670/2444card.png
512,https://d1c5n4ri2guedi.cloudfront.net/card/122/card_img/20354/122card.png
513,https://d1c5n4ri2guedi.cloudfront.net/card/984/card_img/21552/984card.png
514,https://d1c5n4ri2guedi.cloudfront.net/card/2139/card_img/21873/2139card.png
515,https://d1c5n4ri2guedi.cloudfront.net/card/2495/card_img/28545/2495card.png
516,https://d1c5n4ri2guedi.cloudfront.net/card/1443/card_img/20631/1443card.png
517,https://d1c5n4ri2guedi.cloudfront.net/card/2630/card_img/31750/2630card.png
518,https://d1c5n4ri2guedi.cloudfront.net/card/2505/card_img/28651/2505card.png
519,https://d1c5n4ri2guedi.cloudfront.net/card/1763/card_img/22350/1763card.png
520,https://d1c5n4ri2guedi.cloudfront.net/card/189/card_img/20407/189card.png
521,https://d1c5n4ri2guedi.cloudfront.net/card/2132/card_img/21867/2132card.png
522,https://d1c5n4ri2guedi.cloudfront.net/card/1856/card_img/22149/1856card.png
523,https://d1c5n4ri2guedi.cloudfront.net/card/699/card_img/22173/699card.png
524,https://d1c5n4ri2guedi.cloudfront.net/card/1172/card_img/21136/1172card.png
525,https://d1c5n4ri2guedi.cloudfront.net/card/2368/card_img/25075/2368card.png
526,https://d1c5n4ri2guedi.cloudfront.net/card/632/card_img/21398/632card.png
527,https://d1c5n4ri2guedi.cloudfront.net/card/950/card_img/21593/950card.png
528,https://d1c5n4ri2guedi.cloudfront.net/card/778/card_img/22252/778card.png
529,https://d1c5n4ri2guedi.cloudfront.net/card/35/card_img/20117/35card.png
530,https://d1c5n4ri2guedi.cloudfront.net/card/2359/card_img/24780/2359card.png
531,https://d1c5n4ri2guedi.cloudfront.net/card/744/card_img/22218/744card.png
532,https://d1c5n4ri2guedi.cloudfront.net/card/2127/card_img/22724/2127card.png
533,https://d1c5n4ri2guedi.cloudfront.net/card/2256/card_img/21006/2256card.png
534,https://d1c5n4ri2guedi.cloudfront.net/card/192/card_img/20412/192card.png
535,https://d1c5n4ri2guedi.cloudfront.net/card/747/card_img/22221/747card.png
536,https://d1c5n4ri2guedi.cloudfront.net/card/620/card_img/21386/620card.png
537,https://d1c5n4ri2guedi.cloudfront.net/card/626/card_img/29021/626card.png
538,https://d1c5n4ri2guedi.cloudfront.net/card/2476/card_img/28410/2476card.png
539,https://d1c5n4ri2guedi.cloudfront.net/card/2131/card_img/21866/2131card.png
540,https://d1c5n4ri2guedi.cloudfront.net/card/1866/card_img/28080/1866card.png
541,https://d1c5n4ri2guedi.cloudfront.net/card/952/card_img/21591/952card.png
542,https://d1c5n4ri2guedi.cloudfront.net/card/434/card_img/20933/434card.png
543,https://d1c5n4ri2guedi.cloudfront.net/card/2513/card_img/28755/2513card.png
544,https://d1c5n4ri2guedi.cloudfront.net/card/1165/card_img/21142/1165card.jpg
545,https://d1c5n4ri2guedi.cloudfront.net/card/2150/card_img/21832/2150card.gif
546,https://d1c5n4ri2guedi.cloudfront.net/card/2469/card_img/28218/2469card.png
547,https://d1c5n4ri2guedi.cloudfront.net/card/1884/card_img/28083/1884card.png
548,https://d1c5n4ri2guedi.cloudfront.net/card/1987/card_img/22011/1987card.png
549,https://d1c5n4ri2guedi.cloudfront.net/card/2723/card_img/36056/2723card.png
550,https://d1c5n4ri2guedi.cloudfront.net/card/905/card_img/21639/905card.png
551,https://d1c5n4ri2guedi.cloudfront.net/card/2726/card_img/36092/2725_3card.png
552,https://d1c5n4ri2guedi.cloudfront.net/card/2070/card_img/21929/2070card.png
553,https://d1c5n4ri2guedi.cloudfront.net/card/507/card_img/21196/507card.png
554,https://d1c5n4ri2guedi.cloudfront.net/card/2606/card_img/31231/2606card.png
555,https://d1c5n4ri2guedi.cloudfront.net/card/2622/card_img/31492/2622card.png
556,https://d1c5n4ri2guedi.cloudfront.net/card/152/card_img/20379/152card.png
557,https://d1c5n4ri2guedi.cloudfront.net/card/2571/card_img/29953/2571card.png
558,https://d1c5n4ri2guedi.cloudfront.net/card/948/card_img/21595/948card.png
559,https://d1c5n4ri2guedi.cloudfront.net/card/562/card_img/21267/562card.png
560,https://d1c5n4ri2guedi.cloudfront.net/card/2408/card_img/26508/2408card.png
561,https://d1c5n4ri2guedi.cloudfront.net/card/2445/card_img/27740/2445card.png
562,https://d1c5n4ri2guedi.cloudfront.net/card/505/card_img/21194/505card.png
563,https://d1c5n4ri2guedi.cloudfront.net/card/2325/card_img/23879/2325card.png
564,https://d1c5n4ri2guedi.cloudfront.net/card/2367/card_img/25074/2367card.jpg
565,https://d1c5n4ri2guedi.cloudfront.net/card/776/card_img/28069/776card.png
566,https://d1c5n4ri2guedi.cloudfront.net/card/1433/card_img/20641/1433card.png
567,https://d1c5n4ri2guedi.cloudfront.net/card/2564/card_img/29689/2564card.png
568,https://d1c5n4ri2guedi.cloudfront.net/card/2352/card_img/24716/2352card.png
569,https://d1c5n4ri2guedi.cloudfront.net/card/2180/card_img/21794/2180card.png
570,https://d1c5n4ri2guedi.cloudfront.net/card/2179/card_img/21793/2179card.png
571,https://d1c5n4ri2guedi.cloudfront.net/card/1209/card_img/21099/1209card.png
572,https://d1c5n4ri2guedi.cloudfront.net/card/489/card_img/21179/489card.png
573,https://d1c5n4ri2guedi.cloudfront.net/card/2744/card_img/36738/2744card.png
574,https://d1c5n4ri2guedi.cloudfront.net/card/2385/card_img/25501/2385card.png
575,https://d1c5n4ri2guedi.cloudfront.net/card/2243/card_img/30835/2243card.png
576,https://d1c5n4ri2guedi.cloudfront.net/card/2241/card_img/20990/2241card.png
577,https://d1c5n4ri2guedi.cloudfront.net/card/2255/card_img/21005/2255card.png
578,https://d1c5n4ri2guedi.cloudfront.net/card/141/card_img/20369/141card.png
579,https://d1c5n4ri2guedi.cloudfront.net/card/2603/card_img/31201/2603card.png
580,https://d1c5n4ri2guedi.cloudfront.net/card/1233/card_img/21075/1233card.png
581,https://d1c5n4ri2guedi.cloudfront.net/card/1648/card_img/22517/1648card.png
582,https://d1c5n4ri2guedi.cloudfront.net/card/2014/card_img/21984/2014card.png
583,https://d1c5n4ri2guedi.cloudfront.net/card/2583/card_img/30703/2583card.png
584,https://d1c5n4ri2guedi.cloudfront.net/card/2738/card_img/36659/2738card_1.png
585,https://d1c5n4ri2guedi.cloudfront.net/card/109/card_img/20267/109card.png
586,https://d1c5n4ri2guedi.cloudfront.net/card/853/card_img/21689/853card.png
587,https://d1c5n4ri2guedi.cloudfront.net/card/720/card_img/22194/720card.png
588,https://d1c5n4ri2guedi.cloudfront.net/card/1018/card_img/21517/1018card.png
589,https://d1c5n4ri2guedi.cloudfront.net/card/649/card_img/21412/649card.png
590,https://d1c5n4ri2guedi.cloudfront.net/card/2725/card_img/36088/2725_1card.png
591,https://d1c5n4ri2guedi.cloudfront.net/card/568/card_img/28059/568card.png
592,https://d1c5n4ri2guedi.cloudfront.net/card/2350/card_img/24714/2350card.png
593,https://d1c5n4ri2guedi.cloudfront.net/card/1882/card_img/28579/1882card.png
594,https://d1c5n4ri2guedi.cloudfront.net/card/46/card_img/27704/46card.png
595,https://d1c5n4ri2guedi.cloudfront.net/card/2496/card_img/28549/2496card.png
596,https://d1c5n4ri2guedi.cloudfront.net/card/2748/card_img/36836/2748card.png
597,https://d1c5n4ri2guedi.cloudfront.net/card/2371/card_img/31359/2371card_2.png
598,https://d1c5n4ri2guedi.cloudfront.net/card/1595/card_img/22621/1595card.png
599,https://d1c5n4ri2guedi.cloudfront.net/card/708/card_img/22182/708card.png
600,https://d1c5n4ri2guedi.cloudfront.net/card/190/card_img/20410/190card.png
601,https://d1c5n4ri2guedi.cloudfront.net/card/691/card_img/27717/691card.png
602,https://d1c5n4ri2guedi.cloudfront.net/card/931/card_img/33922/931card.png
603,https://d1c5n4ri2guedi.cloudfront.net/card/2567/card_img/29851/2567card.png
604,https://d1c5n4ri2guedi.cloudfront.net/card/2301/card_img/23131/2301card.png
605,https://d1c5n4ri2guedi.cloudfront.net/card/566/card_img/21273/566card.png
606,https://d1c5n4ri2guedi.cloudfront.net/card/263/card_img/20487/263card.png
607,https://d1c5n4ri2guedi.cloudfront.net/card/2404/card_img/26275/2404card.png
608,https://d1c5n4ri2guedi.cloudfront.net/card/2294/card_img/23897/2294card.png
609,https://d1c5n4ri2guedi.cloudfront.net/card/2178/card_img/21792/2178card.png
610,https://d1c5n4ri2guedi.cloudfront.net/card/2183/card_img/21797/2183card.png
611,https://d1c5n4ri2guedi.cloudfront.net/card/74/card_img/20156/74card.png
612,https://d1c5n4ri2guedi.cloudfront.net/card/451/card_img/20965/451card.png
613,https://d1c5n4ri2guedi.cloudfront.net/card/2619/card_img/31467/2619card.png
614,https://d1c5n4ri2guedi.cloudfront.net/card/112/card_img/20270/112card.png
615,https://d1c5n4ri2guedi.cloudfront.net/card/771/card_img/22245/771card.png
616,https://d1c5n4ri2guedi.cloudfront.net/card/622/card_img/21388/622card.png
617,https://d1c5n4ri2guedi.cloudfront.net/card/624/card_img/21390/624card.png
618,https://d1c5n4ri2guedi.cloudfront.net/card/2463/card_img/28157/2463card.png
619,https://d1c5n4ri2guedi.cloudfront.net/card/471/card_img/21161/471card.png
620,https://d1c5n4ri2guedi.cloudfront.net/card/1340/card_img/20835/1340card.png
621,https://d1c5n4ri2guedi.cloudfront.net/card/185/card_img/20402/185card.png
622,https://d1c5n4ri2guedi.cloudfront.net/card/526/card_img/21212/526card.png
623,https://d1c5n4ri2guedi.cloudfront.net/card/264/card_img/20488/264card.png
624,https://d1c5n4ri2guedi.cloudfront.net/card/42/card_img/20123/42card.png
625,https://d1c5n4ri2guedi.cloudfront.net/card/1243/card_img/21065/1243card.png
626,https://d1c5n4ri2guedi.cloudfront.net/card/2434/card_img/27302/2434card.png
627,https://d1c5n4ri2guedi.cloudfront.net/card/1278/card_img/21029/1278card.png
628,https://d1c5n4ri2guedi.cloudfront.net/card/616/card_img/28061/616card.png
629,https://d1c5n4ri2guedi.cloudfront.net/card/1253/card_img/21055/1253card.png
630,https://d1c5n4ri2guedi.cloudfront.net/card/663/card_img/21428/663card.png
631,https://d1c5n4ri2guedi.cloudfront.net/card/1248/card_img/21060/1248card.png
632,https://d1c5n4ri2guedi.cloudfront.net/card/2501/card_img/28619/2501card.png
633,https://d1c5n4ri2guedi.cloudfront.net/card/2351/card_img/24715/2351card.png
634,https://d1c5n4ri2guedi.cloudfront.net/card/2199/card_img/21813/2199card.png
635,https://d1c5n4ri2guedi.cloudfront.net/card/2382/card_img/25484/2382card.png
636,https://d1c5n4ri2guedi.cloudfront.net/card/2611/card_img/31283/2611card.png
637,https://d1c5n4ri2guedi.cloudfront.net/card/38/card_img/20119/38card.jpg
638,https://d1c5n4ri2guedi.cloudfront.net/card/2118/card_img/21879/2118card.jpg
639,https://d1c5n4ri2guedi.cloudfront.net/card/728/card_img/22202/728card.png
640,https://d1c5n4ri2guedi.cloudfront.net/card/2652/card_img/32202/2652card.png
641,https://d1c5n4ri2guedi.cloudfront.net/card/2099/card_img/21901/2099card.png
642,https://d1c5n4ri2guedi.cloudfront.net/card/838/card_img/21704/838card.png
643,https://d1c5n4ri2guedi.cloudfront.net/card/513/card_img/21199/513card.png
644,https://d1c5n4ri2guedi.cloudfront.net/card/1758/card_img/22355/1758card.png
645,https://d1c5n4ri2guedi.cloudfront.net/card/2336/card_img/24298/2336card.png
646,https://d1c5n4ri2guedi.cloudfront.net/card/2671/card_img/32541/2671card.png
647,https://d1c5n4ri2guedi.cloudfront.net/card/879/card_img/21663/879card.gif
648,https://d1c5n4ri2guedi.cloudfront.net/card/2151/card_img/21833/2151card.gif
649,https://d1c5n4ri2guedi.cloudfront.net/card/2518/card_img/28798/2518card.png
650,https://d1c5n4ri2guedi.cloudfront.net/card/2405/card_img/26454/2405card.png
651,https://d1c5n4ri2guedi.cloudfront.net/card/162/card_img/20382/162card.png
652,https://d1c5n4ri2guedi.cloudfront.net/card/163/card_img/20383/163card.png
653,https://d1c5n4ri2guedi.cloudfront.net/card/2177/card_img/21791/2177card.png
654,https://d1c5n4ri2guedi.cloudfront.net/card/942/card_img/21601/942card.png
655,https://d1c5n4ri2guedi.cloudfront.net/card/1010/card_img/21525/1010card.png
656,https://d1c5n4ri2guedi.cloudfront.net/card/2005/card_img/21993/2005card.gif
657,https://d1c5n4ri2guedi.cloudfront.net/card/2369/card_img/25141/2369card.png
658,https://d1c5n4ri2guedi.cloudfront.net/card/465/card_img/21157/465card.png
659,https://d1c5n4ri2guedi.cloudfront.net/card/2267/card_img/20699/2267card.png
660,https://d1c5n4ri2guedi.cloudfront.net/card/623/card_img/21389/623card.png
661,https://d1c5n4ri2guedi.cloudfront.net/card/2537/card_img/29445/2537card.png
662,https://d1c5n4ri2guedi.cloudfront.net/card/2360/card_img/24781/2360card.png
663,https://d1c5n4ri2guedi.cloudfront.net/card/186/card_img/20403/186card.png
664,https://d1c5n4ri2guedi.cloudfront.net/card/2021/card_img/21977/2021card.png
665,https://d1c5n4ri2guedi.cloudfront.net/card/2023/card_img/21975/2023card.png
666,https://d1c5n4ri2guedi.cloudfront.net/card/1611/card_img/22591/1611card.png
667,https://d1c5n4ri2guedi.cloudfront.net/card/920/card_img/21624/920card.gif
668,https://d1c5n4ri2guedi.cloudfront.net/card/191/card_img/20411/191card.png
669,https://d1c5n4ri2guedi.cloudfront.net/card/2502/card_img/28620/2502card.png
670,https://d1c5n4ri2guedi.cloudfront.net/card/2363/card_img/24884/2363card.png
671,https://d1c5n4ri2guedi.cloudfront.net/card/2672/card_img/32637/2672card.png
672,https://d1c5n4ri2guedi.cloudfront.net/card/834/card_img/21708/834card.gif
673,https://d1c5n4ri2guedi.cloudfront.net/card/1887/card_img/22109/1887card.png
674,https://d1c5n4ri2guedi.cloudfront.net/card/758/card_img/22232/758card.png
675,https://d1c5n4ri2guedi.cloudfront.net/card/1019/card_img/21516/1019card.png
676,https://d1c5n4ri2guedi.cloudfront.net/card/2595/card_img/30969/2595card.png
677,https://d1c5n4ri2guedi.cloudfront.net/card/2357/card_img/24771/2357card.png
678,https://d1c5n4ri2guedi.cloudfront.net/card/2308/card_img/23708/2308card.png
679,https://d1c5n4ri2guedi.cloudfront.net/card/176/card_img/20391/176card.png
680,https://d1c5n4ri2guedi.cloudfront.net/card/2429/card_img/27228/2429card.png
681,https://d1c5n4ri2guedi.cloudfront.net/card/2462/card_img/28126/2462card.png
682,https://d1c5n4ri2guedi.cloudfront.net/card/500/card_img/21189/500card.png
683,https://d1c5n4ri2guedi.cloudfront.net/card/2387/card_img/25536/2387card.png
684,https://d1c5n4ri2guedi.cloudfront.net/card/2596/card_img/31068/2596card.png
685,https://d1c5n4ri2guedi.cloudfront.net/card/1592/card_img/22625/1592card.png
686,https://d1c5n4ri2guedi.cloudfront.net/card/1586/card_img/22631/1586card.png
687,https://d1c5n4ri2guedi.cloudfront.net/card/270/card_img/20493/270card.png
688,https://d1c5n4ri2guedi.cloudfront.net/card/753/card_img/22227/753card.png
689,https://d1c5n4ri2guedi.cloudfront.net/card/595/card_img/21362/595card.png
690,https://d1c5n4ri2guedi.cloudfront.net/card/1944/card_img/22054/1944card.png
691,https://d1c5n4ri2guedi.cloudfront.net/card/692/card_img/22165/692card.png
692,https://d1c5n4ri2guedi.cloudfront.net/card/2277/card_img/20689/2277card.png
693,https://d1c5n4ri2guedi.cloudfront.net/card/1446/card_img/20628/1446card.png
694,https://d1c5n4ri2guedi.cloudfront.net/card/2240/card_img/20944/2240card.png
695,https://d1c5n4ri2guedi.cloudfront.net/card/2248/card_img/20998/2248card.png
696,https://d1c5n4ri2guedi.cloudfront.net/card/2250/card_img/21000/2250card.png
697,https://d1c5n4ri2guedi.cloudfront.net/card/916/card_img/21628/916card.png
698,https://d1c5n4ri2guedi.cloudfront.net/card/2414/card_img/26903/2414card.png
699,https://d1c5n4ri2guedi.cloudfront.net/card/735/card_img/22209/735card.png
700,https://d1c5n4ri2guedi.cloudfront.net/card/1213/card_img/21095/1213card.png
701,https://d1c5n4ri2guedi.cloudfront.net/card/612/card_img/21379/612card.png
702,https://d1c5n4ri2guedi.cloudfront.net/card/1180/card_img/21128/1180card.png
703,https://d1c5n4ri2guedi.cloudfront.net/card/1695/card_img/22429/1695card.png
704,https://d1c5n4ri2guedi.cloudfront.net/card/506/card_img/21195/506card.png
705,https://d1c5n4ri2guedi.cloudfront.net/card/2736/card_img/36643/2736card_1.png
706,https://d1c5n4ri2guedi.cloudfront.net/card/865/card_img/21677/865card.png
707,https://d1c5n4ri2guedi.cloudfront.net/card/238/card_img/20465/238card.png
708,https://d1c5n4ri2guedi.cloudfront.net/card/2232/card_img/20931/2232card.png
709,https://d1c5n4ri2guedi.cloudfront.net/card/251/card_img/20479/251card.png
710,https://d1c5n4ri2guedi.cloudfront.net/card/240/card_img/20467/240card.png
711,https://d1c5n4ri2guedi.cloudfront.net/card/254/card_img/20482/254card.png
712,https://d1c5n4ri2guedi.cloudfront.net/card/239/card_img/20466/239card.png
713,https://d1c5n4ri2guedi.cloudfront.net/card/2181/card_img/21795/2181card.png
714,https://d1c5n4ri2guedi.cloudfront.net/card/597/card_img/21364/597card.png
715,https://d1c5n4ri2guedi.cloudfront.net/card/598/card_img/21365/598card.png
716,https://d1c5n4ri2guedi.cloudfront.net/card/203/card_img/20424/203card.png
717,https://d1c5n4ri2guedi.cloudfront.net/card/206/card_img/20430/206card.png
718,https://d1c5n4ri2guedi.cloudfront.net/card/205/card_img/20428/205card.png
719,https://d1c5n4ri2guedi.cloudfront.net/card/204/card_img/20426/204card.png
720,https://d1c5n4ri2guedi.cloudfront.net/card/1854/card_img/22147/1854card.png
721,https://d1c5n4ri2guedi.cloudfront.net/card/2280/card_img/20686/2280card.png
722,https://d1c5n4ri2guedi.cloudfront.net/card/2281/card_img/20685/2281card.png
723,https://d1c5n4ri2guedi.cloudfront.net/card/2282/card_img/20684/2282card.png
724,https://d1c5n4ri2guedi.cloudfront.net/card/166/card_img/20389/166card.png
725,https://d1c5n4ri2guedi.cloudfront.net/card/167/card_img/20390/167card.png
726,https://d1c5n4ri2guedi.cloudfront.net/card/671/card_img/21436/671card.png
727,https://d1c5n4ri2guedi.cloudfront.net/card/672/card_img/21437/672card.png
728,https://d1c5n4ri2guedi.cloudfront.net/card/788/card_img/28073/788card.png
729,https://d1c5n4ri2guedi.cloudfront.net/card/2598/card_img/31074/2598card.png
730,https://d1c5n4ri2guedi.cloudfront.net/card/88/card_img/20241/88card.png
731,https://d1c5n4ri2guedi.cloudfront.net/card/87/card_img/20239/87card.png
732,https://d1c5n4ri2guedi.cloudfront.net/card/2397/card_img/26138/2397card.png
733,https://d1c5n4ri2guedi.cloudfront.net/card/538/card_img/21237/538card.jpg
734,https://d1c5n4ri2guedi.cloudfront.net/card/24/card_img/20106/24card.png
735,https://d1c5n4ri2guedi.cloudfront.net/card/768/card_img/22242/768card.png
736,https://d1c5n4ri2guedi.cloudfront.net/card/761/card_img/22235/761card.png
737,https://d1c5n4ri2guedi.cloudfront.net/card/540/card_img/21243/540card.png
738,https://d1c5n4ri2guedi.cloudfront.net/card/215/card_img/20441/215card.png
739,https://d1c5n4ri2guedi.cloudfront.net/card/533/card_img/21231/533card.png
740,https://d1c5n4ri2guedi.cloudfront.net/card/214/card_img/20440/214card.png
741,https://d1c5n4ri2guedi.cloudfront.net/card/217/card_img/20443/217card.png
742,https://d1c5n4ri2guedi.cloudfront.net/card/581/card_img/21322/581card.png
743,https://d1c5n4ri2guedi.cloudfront.net/card/582/card_img/21323/582card.png
744,https://d1c5n4ri2guedi.cloudfront.net/card/541/card_img/21245/541card.png
745,https://d1c5n4ri2guedi.cloudfront.net/card/1487/card_img/20427/1487card.png
746,https://d1c5n4ri2guedi.cloudfront.net/card/881/card_img/33921/881card.png
747,https://d1c5n4ri2guedi.cloudfront.net/card/2489/card_img/28439/2489card.png
748,https://d1c5n4ri2guedi.cloudfront.net/card/1225/card_img/21083/1225card.png
749,https://d1c5n4ri2guedi.cloudfront.net/card/2148/card_img/21830/2148card.gif
750,https://d1c5n4ri2guedi.cloudfront.net/card/2196/card_img/21810/2196card.png
751,https://d1c5n4ri2guedi.cloudfront.net/card/2522/card_img/28847/2522card.png
752,https://d1c5n4ri2guedi.cloudfront.net/card/2104/card_img/21896/2104card.png
753,https://d1c5n4ri2guedi.cloudfront.net/card/2093/card_img/21907/2093card.png
754,https://d1c5n4ri2guedi.cloudfront.net/card/2106/card_img/21890/2106card.png
755,https://d1c5n4ri2guedi.cloudfront.net/card/2306/card_img/23706/2306card.png
756,https://d1c5n4ri2guedi.cloudfront.net/card/2486/card_img/28401/2486card.png
757,https://d1c5n4ri2guedi.cloudfront.net/card/2497/card_img/28551/2497card.png
758,https://d1c5n4ri2guedi.cloudfront.net/card/2523/card_img/28848/2523card.png
759,https://d1c5n4ri2guedi.cloudfront.net/card/1532/card_img/20199/1532card.png
760,https://d1c5n4ri2guedi.cloudfront.net/card/2007/card_img/21991/2007card.png
761,https://d1c5n4ri2guedi.cloudfront.net/card/1519/card_img/20214/1519card.png
762,https://d1c5n4ri2guedi.cloudfront.net/card/1980/card_img/22018/1980card.png
763,https://d1c5n4ri2guedi.cloudfront.net/card/2538/card_img/29446/2538card.png
764,https://d1c5n4ri2guedi.cloudfront.net/card/625/card_img/21391/625card.png
765,https://d1c5n4ri2guedi.cloudfront.net/card/94/card_img/20248/94card.png
766,https://d1c5n4ri2guedi.cloudfront.net/card/244/card_img/20471/244card.png
767,https://d1c5n4ri2guedi.cloudfront.net/card/245/card_img/20472/245card.png
768,https://d1c5n4ri2guedi.cloudfront.net/card/1002/card_img/21533/1002card.png
769,https://d1c5n4ri2guedi.cloudfront.net/card/250/card_img/20477/250card.png
770,https://d1c5n4ri2guedi.cloudfront.net/card/161/card_img/20381/161card.png
771,https://d1c5n4ri2guedi.cloudfront.net/card/2185/card_img/21799/2185card.png
772,https://d1c5n4ri2guedi.cloudfront.net/card/101/card_img/20258/101card.png
773,https://d1c5n4ri2guedi.cloudfront.net/card/2410/card_img/26582/2410card.png
774,https://d1c5n4ri2guedi.cloudfront.net/card/2019/card_img/21979/2019card.png
775,https://d1c5n4ri2guedi.cloudfront.net/card/2036/card_img/21962/2036card.png
776,https://d1c5n4ri2guedi.cloudfront.net/card/175/card_img/20387/175card.png
777,https://d1c5n4ri2guedi.cloudfront.net/card/172/card_img/23918/172card.png
778,https://d1c5n4ri2guedi.cloudfront.net/card/2278/card_img/28093/2278card.png
779,https://d1c5n4ri2guedi.cloudfront.net/card/2353/card_img/24773/2353card.png
780,https://d1c5n4ri2guedi.cloudfront.net/card/2403/card_img/26478/2403card.png
781,https://d1c5n4ri2guedi.cloudfront.net/card/2354/card_img/24965/2354card.png
782,https://d1c5n4ri2guedi.cloudfront.net/card/2286/card_img/25532/2286card.png
783,https://d1c5n4ri2guedi.cloudfront.net/card/475/card_img/21165/475card.png
784,https://d1c5n4ri2guedi.cloudfront.net/card/120/card_img/20352/120card.png
785,https://d1c5n4ri2guedi.cloudfront.net/card/83/card_img/20165/83card.png
786,https://d1c5n4ri2guedi.cloudfront.net/card/2328/card_img/23889/2328card.png
787,https://d1c5n4ri2guedi.cloudfront.net/card/1608/card_img/22596/1608card.png
788,https://d1c5n4ri2guedi.cloudfront.net/card/228/card_img/30964/228card.png
789,https://d1c5n4ri2guedi.cloudfront.net/card/1289/card_img/21017/1289card.png
790,https://d1c5n4ri2guedi.cloudfront.net/card/422/card_img/20920/422card.png
791,https://d1c5n4ri2guedi.cloudfront.net/card/2260/card_img/27660/2260card.png
792,https://d1c5n4ri2guedi.cloudfront.net/card/763/card_img/27661/763card.png
793,https://d1c5n4ri2guedi.cloudfront.net/card/424/card_img/20922/424card.png
794,https://d1c5n4ri2guedi.cloudfront.net/card/724/card_img/22198/724card.png
795,https://d1c5n4ri2guedi.cloudfront.net/card/423/card_img/20921/423card.png
796,https://d1c5n4ri2guedi.cloudfront.net/card/529/card_img/21218/529card.png
797,https://d1c5n4ri2guedi.cloudfront.net/card/2259/card_img/27662/2259card.png
798,https://d1c5n4ri2guedi.cloudfront.net/card/2436/card_img/27667/2436card.png
799,https://d1c5n4ri2guedi.cloudfront.net/card/2470/card_img/28238/2470card.png
800,https://d1c5n4ri2guedi.cloudfront.net/card/719/card_img/22193/719card.png
801,https://d1c5n4ri2guedi.cloudfront.net/card/2651/card_img/32190/2651card.png
802,https://d1c5n4ri2guedi.cloudfront.net/card/1184/card_img/21124/1184card.png
803,https://d1c5n4ri2guedi.cloudfront.net/card/2524/card_img/28888/2524card.png
804,https://d1c5n4ri2guedi.cloudfront.net/card/1339/card_img/20836/1339card.png
805,https://d1c5n4ri2guedi.cloudfront.net/card/717/card_img/22191/717card.png
806,https://d1c5n4ri2guedi.cloudfront.net/card/2300/card_img/28825/2300card.png
807,https://d1c5n4ri2guedi.cloudfront.net/card/502/card_img/21191/502card.png
808,https://d1c5n4ri2guedi.cloudfront.net/card/1380/card_img/20763/1380card.png
809,https://d1c5n4ri2guedi.cloudfront.net/card/483/card_img/21173/483card.png
810,https://d1c5n4ri2guedi.cloudfront.net/card/2608/card_img/31237/2608card.png
811,https://d1c5n4ri2guedi.cloudfront.net/card/600/card_img/21367/600card.png
812,https://d1c5n4ri2guedi.cloudfront.net/card/601/card_img/21368/601card.png
813,https://d1c5n4ri2guedi.cloudfront.net/card/602/card_img/21369/602card.png
814,https://d1c5n4ri2guedi.cloudfront.net/card/603/card_img/21370/603card.png
815,https://d1c5n4ri2guedi.cloudfront.net/card/1984/card_img/22014/1984card.png
816,https://d1c5n4ri2guedi.cloudfront.net/card/2184/card_img/21798/2184card.png
817,https://d1c5n4ri2guedi.cloudfront.net/card/2331/card_img/24277/2331card.png
818,https://d1c5n4ri2guedi.cloudfront.net/card/2355/card_img/24768/2355card.png
819,https://d1c5n4ri2guedi.cloudfront.net/card/1861/card_img/22154/1861card.jpg
820,https://d1c5n4ri2guedi.cloudfront.net/card/2265/card_img/20701/2265card.png
821,https://d1c5n4ri2guedi.cloudfront.net/card/650/card_img/21413/650card.png
822,https://d1c5n4ri2guedi.cloudfront.net/card/267/card_img/20490/267card.png
823,https://d1c5n4ri2guedi.cloudfront.net/card/268/card_img/20491/268card.png
824,https://d1c5n4ri2guedi.cloudfront.net/card/2525/card_img/28884/2525card.png
825,https://d1c5n4ri2guedi.cloudfront.net/card/667/card_img/21432/667card.png
826,https://d1c5n4ri2guedi.cloudfront.net/card/587/card_img/21344/587card.png
827,https://d1c5n4ri2guedi.cloudfront.net/card/1381/card_img/20762/1381card.png
828,https://d1c5n4ri2guedi.cloudfront.net/card/30/card_img/20112/30card.png
829,https://d1c5n4ri2guedi.cloudfront.net/card/1382/card_img/20761/1382card.png
830,https://d1c5n4ri2guedi.cloudfront.net/card/1829/card_img/22277/1829card.png
831,https://d1c5n4ri2guedi.cloudfront.net/card/694/card_img/22168/694card.png
832,https://d1c5n4ri2guedi.cloudfront.net/card/2271/card_img/20695/2271card.png
833,https://d1c5n4ri2guedi.cloudfront.net/card/2488/card_img/28422/2488card.png
834,https://d1c5n4ri2guedi.cloudfront.net/card/2210/card_img/21775/2210card.png
835,https://d1c5n4ri2guedi.cloudfront.net/card/2358/card_img/27724/2359card.png
836,https://d1c5n4ri2guedi.cloudfront.net/card/2289/card_img/27722/2289card.png
837,https://d1c5n4ri2guedi.cloudfront.net/card/57/card_img/28051/57card.png
838,https://d1c5n4ri2guedi.cloudfront.net/card/56/card_img/28050/56card.png
839,https://d1c5n4ri2guedi.cloudfront.net/card/539/card_img/21240/539card.png
840,https://d1c5n4ri2guedi.cloudfront.net/card/535/card_img/21234/535card.png
841,https://d1c5n4ri2guedi.cloudfront.net/card/596/card_img/21363/596card.png
842,https://d1c5n4ri2guedi.cloudfront.net/card/1246/card_img/21062/1246card.png
843,https://d1c5n4ri2guedi.cloudfront.net/card/2340/card_img/24315/2340card.png
844,https://d1c5n4ri2guedi.cloudfront.net/card/2480/card_img/28407/2480card.png
845,https://d1c5n4ri2guedi.cloudfront.net/card/2411/card_img/26602/2411card.png
846,https://d1c5n4ri2guedi.cloudfront.net/card/158/card_img/23910/158card.png
847,https://d1c5n4ri2guedi.cloudfront.net/card/277/card_img/20499/277card.png
848,https://d1c5n4ri2guedi.cloudfront.net/card/463/card_img/20984/463card.png
849,https://d1c5n4ri2guedi.cloudfront.net/card/2481/card_img/28406/2481card.png
850,https://d1c5n4ri2guedi.cloudfront.net/card/7/card_img/20089/7card.png
851,https://d1c5n4ri2guedi.cloudfront.net/card/31/card_img/20113/31card.png
852,https://d1c5n4ri2guedi.cloudfront.net/card/23/card_img/20105/23card.png
853,https://d1c5n4ri2guedi.cloudfront.net/card/6/card_img/20088/6card.png
854,https://d1c5n4ri2guedi.cloudfront.net/card/519/card_img/21204/519card.png
855,https://d1c5n4ri2guedi.cloudfront.net/card/32/card_img/20114/32card.png
856,https://d1c5n4ri2guedi.cloudfront.net/card/40/card_img/20121/40card.png
857,https://d1c5n4ri2guedi.cloudfront.net/card/2295/card_img/22902/2295card.png
858,https://d1c5n4ri2guedi.cloudfront.net/card/518/card_img/21203/518card.png
859,https://d1c5n4ri2guedi.cloudfront.net/card/2415/card_img/26914/2415card.png
860,https://d1c5n4ri2guedi.cloudfront.net/card/1/card_img/20083/1card.png
861,https://d1c5n4ri2guedi.cloudfront.net/card/3/card_img/20085/3card.png
862,https://d1c5n4ri2guedi.cloudfront.net/card/2/card_img/20084/2card.png
863,https://d1c5n4ri2guedi.cloudfront.net/card/2236/card_img/20938/2236card.png
864,https://d1c5n4ri2guedi.cloudfront.net/card/25/card_img/20107/25card.png
865,https://d1c5n4ri2guedi.cloudfront.net/card/19/card_img/20101/19card.png
866,https://d1c5n4ri2guedi.cloudfront.net/card/2231/card_img/21350/2231card.png
867,https://d1c5n4ri2guedi.cloudfront.net/card/943/card_img/21612/943card.png
868,https://d1c5n4ri2guedi.cloudfront.net/card/678/card_img/21443/678card.png
869,https://d1c5n4ri2guedi.cloudfront.net/card/17/card_img/20099/17card.png
870,https://d1c5n4ri2guedi.cloudfront.net/card/2511/card_img/28736/2511card.png
871,https://d1c5n4ri2guedi.cloudfront.net/card/2413/card_img/28932/2413card.png
872,https://d1c5n4ri2guedi.cloudfront.net/card/1597/card_img/22610/1597card.png
873,https://d1c5n4ri2guedi.cloudfront.net/card/80/card_img/20162/80card.png
874,https://d1c5n4ri2guedi.cloudfront.net/card/100/card_img/20257/100card.png
875,https://d1c5n4ri2guedi.cloudfront.net/card/102/card_img/20260/102card.png
876,https://d1c5n4ri2guedi.cloudfront.net/card/103/card_img/20261/103card.png
877,https://d1c5n4ri2guedi.cloudfront.net/card/96/card_img/20251/96card.png
878,https://d1c5n4ri2guedi.cloudfront.net/card/503/card_img/21192/503card.png
879,https://d1c5n4ri2guedi.cloudfront.net/card/504/card_img/21193/504card.png
880,https://d1c5n4ri2guedi.cloudfront.net/card/604/card_img/21371/604card.png
881,https://d1c5n4ri2guedi.cloudfront.net/card/605/card_img/21372/605card.png
882,https://d1c5n4ri2guedi.cloudfront.net/card/1215/card_img/21093/1215card.png
883,https://d1c5n4ri2guedi.cloudfront.net/card/745/card_img/27829/745card.png
884,https://d1c5n4ri2guedi.cloudfront.net/card/742/card_img/28951/742card.png
885,https://d1c5n4ri2guedi.cloudfront.net/card/2617/card_img/31389/2617card.png
886,https://d1c5n4ri2guedi.cloudfront.net/card/1990/card_img/22008/1990card.png
887,https://d1c5n4ri2guedi.cloudfront.net/card/2242/card_img/20991/2242card.png
888,https://d1c5n4ri2guedi.cloudfront.net/card/197/card_img/20417/197card.png
889,https://d1c5n4ri2guedi.cloudfront.net/card/199/card_img/20419/199card.png
890,https://d1c5n4ri2guedi.cloudfront.net/card/198/card_img/20418/198card.png
891,https://d1c5n4ri2guedi.cloudfront.net/card/200/card_img/20420/200card.png
892,https://d1c5n4ri2guedi.cloudfront.net/card/516/card_img/21201/516card.png
893,https://d1c5n4ri2guedi.cloudfront.net/card/82/card_img/20164/82card.png
894,https://d1c5n4ri2guedi.cloudfront.net/card/89/card_img/20242/89card.png
895,https://d1c5n4ri2guedi.cloudfront.net/card/81/card_img/20163/81card.png
896,https://d1c5n4ri2guedi.cloudfront.net/card/779/card_img/22253/779card.png
897,https://d1c5n4ri2guedi.cloudfront.net/card/44/card_img/20125/44card.png
898,https://d1c5n4ri2guedi.cloudfront.net/card/2249/card_img/20999/2249card.png
899,https://d1c5n4ri2guedi.cloudfront.net/card/77/card_img/20159/77card.png
900,https://d1c5n4ri2guedi.cloudfront.net/card/2466/card_img/28184/2466card.png
901,https://d1c5n4ri2guedi.cloudfront.net/card/2149/card_img/21831/2149card.png
902,https://d1c5n4ri2guedi.cloudfront.net/card/534/card_img/21232/534card.png
903,https://d1c5n4ri2guedi.cloudfront.net/card/2479/card_img/28408/2479card.png
904,https://d1c5n4ri2guedi.cloudfront.net/card/2316/card_img/23743/2316card.png
905,https://d1c5n4ri2guedi.cloudfront.net/card/132/card_img/20361/132card.png
906,https://d1c5n4ri2guedi.cloudfront.net/card/143/card_img/20371/143card.png
907,https://d1c5n4ri2guedi.cloudfront.net/card/144/card_img/23904/144card.png
908,https://d1c5n4ri2guedi.cloudfront.net/card/145/card_img/23905/145card.png
909,https://d1c5n4ri2guedi.cloudfront.net/card/127/card_img/20357/127card.png
910,https://d1c5n4ri2guedi.cloudfront.net/card/116/card_img/20274/116card.png
911,https://d1c5n4ri2guedi.cloudfront.net/card/86/card_img/20168/86card.png
912,https://d1c5n4ri2guedi.cloudfront.net/card/1710/card_img/22414/1710card.png
913,https://d1c5n4ri2guedi.cloudfront.net/card/777/card_img/22251/777card.png
914,https://d1c5n4ri2guedi.cloudfront.net/card/558/card_img/23979/0588card.png
915,https://d1c5n4ri2guedi.cloudfront.net/card/73/card_img/20155/73card.png
916,https://d1c5n4ri2guedi.cloudfront.net/card/84/card_img/20166/84card.png
917,https://d1c5n4ri2guedi.cloudfront.net/card/93/card_img/20247/93card.png
918,https://d1c5n4ri2guedi.cloudfront.net/card/91/card_img/20245/91card.png
919,https://d1c5n4ri2guedi.cloudfront.net/card/85/card_img/20167/85card.png
920,https://d1c5n4ri2guedi.cloudfront.net/card/473/card_img/21163/473card.png
921,https://d1c5n4ri2guedi.cloudfront.net/card/606/card_img/21373/606card.png
922,https://d1c5n4ri2guedi.cloudfront.net/card/459/card_img/20980/459card.png
923,https://d1c5n4ri2guedi.cloudfront.net/card/521/card_img/21206/521card.png
924,https://d1c5n4ri2guedi.cloudfront.net/card/594/card_img/21361/594card.png
925,https://d1c5n4ri2guedi.cloudfront.net/card/1818/card_img/22288/1818card.png
926,https://d1c5n4ri2guedi.cloudfront.net/card/90/card_img/20243/90card.png
927,https://d1c5n4ri2guedi.cloudfront.net/card/58/card_img/28052/58card.png
928,https://d1c5n4ri2guedi.cloudfront.net/card/590/card_img/21347/590card.png
929,https://d1c5n4ri2guedi.cloudfront.net/card/593/card_img/21360/593card.png
930,https://d1c5n4ri2guedi.cloudfront.net/card/2455/card_img/28009/2455card.png
931,https://d1c5n4ri2guedi.cloudfront.net/card/22/card_img/20104/22card.png
932,https://d1c5n4ri2guedi.cloudfront.net/card/791/card_img/21751/791card.png
933,https://d1c5n4ri2guedi.cloudfront.net/card/425/card_img/20923/425card.png
934,https://d1c5n4ri2guedi.cloudfront.net/card/774/card_img/22248/774card.png
935,https://d1c5n4ri2guedi.cloudfront.net/card/2503/card_img/28621/2503card.png
936,https://d1c5n4ri2guedi.cloudfront.net/card/134/card_img/20363/134card.png
937,https://d1c5n4ri2guedi.cloudfront.net/card/2378/card_img/25374/2378card.png
938,https://d1c5n4ri2guedi.cloudfront.net/card/2377/card_img/25371/2377card.png
939,https://d1c5n4ri2guedi.cloudfront.net/card/2299/card_img/22989/2299card.png
940,https://d1c5n4ri2guedi.cloudfront.net/card/2297/card_img/22991/2297card.png
941,https://d1c5n4ri2guedi.cloudfront.net/card/2296/card_img/22992/2296card.png
942,https://d1c5n4ri2guedi.cloudfront.net/card/2298/card_img/22990/2298card.png
943,https://d1c5n4ri2guedi.cloudfront.net/card/246/card_img/20473/246card.png
944,https://d1c5n4ri2guedi.cloudfront.net/card/1188/card_img/21120/1188card.png
945,https://d1c5n4ri2guedi.cloudfront.net/card/276/card_img/20498/276card.png
946,https://d1c5n4ri2guedi.cloudfront.net/card/234/card_img/20461/234card.png
947,https://d1c5n4ri2guedi.cloudfront.net/card/231/card_img/20458/231card.png
948,https://d1c5n4ri2guedi.cloudfront.net/card/232/card_img/20459/232card.png
949,https://d1c5n4ri2guedi.cloudfront.net/card/237/card_img/20464/237card.png
950,https://d1c5n4ri2guedi.cloudfront.net/card/1549/card_img/22685/1549card.png
951,https://d1c5n4ri2guedi.cloudfront.net/card/1630/card_img/22552/1630card.png
952,https://d1c5n4ri2guedi.cloudfront.net/card/1035/card_img/21500/1035card.png
953,https://d1c5n4ri2guedi.cloudfront.net/card/1544/card_img/22690/1544card.png
954,https://d1c5n4ri2guedi.cloudfront.net/card/2326/card_img/23881/2326card.png
955,https://d1c5n4ri2guedi.cloudfront.net/card/569/card_img/21302/569card.png
956,https://d1c5n4ri2guedi.cloudfront.net/card/700/card_img/22174/700card.png
957,https://d1c5n4ri2guedi.cloudfront.net/card/702/card_img/22176/702card.png
958,https://d1c5n4ri2guedi.cloudfront.net/card/703/card_img/22177/703card.png
959,https://d1c5n4ri2guedi.cloudfront.net/card/2287/card_img/20679/2287card.png
960,https://d1c5n4ri2guedi.cloudfront.net/card/701/card_img/22175/701card.png
961,https://d1c5n4ri2guedi.cloudfront.net/card/704/card_img/22178/704card.png
962,https://d1c5n4ri2guedi.cloudfront.net/card/705/card_img/22179/705card.png
963,https://d1c5n4ri2guedi.cloudfront.net/card/730/card_img/22204/730card.png
964,https://d1c5n4ri2guedi.cloudfront.net/card/732/card_img/22206/732card.png
965,https://d1c5n4ri2guedi.cloudfront.net/card/731/card_img/22205/731card.png
966,https://d1c5n4ri2guedi.cloudfront.net/card/610/card_img/27232/608card.png
967,https://d1c5n4ri2guedi.cloudfront.net/card/608/card_img/27229/608card.png
968,https://d1c5n4ri2guedi.cloudfront.net/card/611/card_img/27231/608card.png
969,https://d1c5n4ri2guedi.cloudfront.net/card/609/card_img/27230/608card.png
970,https://d1c5n4ri2guedi.cloudfront.net/card/418/card_img/20916/418card.png
971,https://d1c5n4ri2guedi.cloudfront.net/card/419/card_img/20917/419card.png
972,https://d1c5n4ri2guedi.cloudfront.net/card/420/card_img/20918/420card.png
973,https://d1c5n4ri2guedi.cloudfront.net/card/410/card_img/20908/410card.png
